Rank,District,Mean_Productivity_MT_ha,Median_Productivity_MT_ha,Minimum_Productivity_MT_ha,Maximum_Productivity_MT_ha,SD_Productivity_MT_ha,Number_of_Years
1,Aravalli,33.486000000000004,33.275,31.4,35.5,1.7344560466549113,10
2,Banaskantha,28.756774193548388,29.49,22.5,32.4,2.568086689991563,31
3,Sabarkantha,28.635483870967743,30.1,17.89,34.4,5.014129926989442,31
4,Gandhinagar,27.641935483870967,27.77,18.73,36.6,4.9236371511006904,31
5,Devbhumi Dwarka,24.759999999999998,27.3,0.0,28.0,8.712596245283798,10
6,Mehsana,23.052258064516128,22.0,16.0,29.98,4.803500605237408,31
7,Kheda,22.11483870967742,23.3,2.68,31.38,6.482083960665604,31
8,Anand,21.96483870967742,28.35,0.0,33.0,12.728113206852445,31
9,Mahisagar,21.526,21.060000000000002,20.0,23.65,1.259401974483657,10
10,Vadodara,20.673870967741934,21.79,0.0,26.67,6.040956148060976,31
11,Ahmedabad,19.84903225806452,25.0,0.0,29.0,10.277033409448697,31
12,Kutch,19.419677419354837,21.22,0.0,30.0,7.907935880650091,31
13,Patan,19.128387096774194,22.33,0.0,30.26,9.114058406942613,31
14,Jamnagar,18.114193548387096,17.6,0.0,36.0,8.523219178297031,31
15,Panchmahal,17.636774193548387,20.66,0.0,28.0,8.424540101036882,31
16,Dahod,8.043548387096774,0.0,0.0,30.0,11.130071742322569,31
17,Surendranagar,3.926774193548387,0.0,0.0,21.0,7.703433601149025,31
18,Tapi,2.7777777777777777,0.0,0.0,25.0,8.084520834544431,18
19,Narmada,2.6774193548387095,0.0,0.0,22.0,7.0776036282261225,31
20,Dang,1.2903225806451613,0.0,0.0,20.0,4.994620762294149,31
21,Rajkot,0.697741935483871,0.0,0.0,21.63,3.8848626828391413,31
22,Porbandar,0.0,0.0,0.0,0.0,0.0,31
23,Bharuch,0.0,0.0,0.0,0.0,0.0,31
24,Surat,0.0,0.0,0.0,0.0,0.0,31
25,Bhavnagar,0.0,0.0,0.0,0.0,0.0,31
26,Navsari,0.0,0.0,0.0,0.0,0.0,31
27,Morbi,0.0,0.0,0.0,0.0,0.0,10
28,Botad,0.0,0.0,0.0,0.0,0.0,10
29,Chhota Udepur,0.0,0.0,0.0,0.0,0.0,10
30,Amreli,0.0,0.0,0.0,0.0,0.0,31
31,Junagadh,0.0,0.0,0.0,0.0,0.0,31
32,Gir Somnath,0.0,0.0,0.0,0.0,0.0,10
33,Valsad,0.0,0.0,0.0,0.0,0.0,31
