Weather_Parameter,SMW,N,Pearson_r,Pearson_p,Spearman_rho,Spearman_p,Pearson_p_FDR,Significance,Absolute_r
MAXT,3,29,-0.34357030990104925,0.0680313100823108,-0.3433497536945812,0.06821997665337338,0.9925481058900673,NS,0.34357030990104925
MAXT,4,29,-0.3339028375626274,0.07668855185535307,-0.24532019704433491,0.19960223136798566,0.9925481058900673,NS,0.3339028375626274
BSS,43,29,-0.3329873965168599,0.07755028151961535,-0.234975369458128,0.2198267414307456,0.9925481058900673,NS,0.3329873965168599
WS,42,29,-0.31252851216707767,0.09881408213961679,-0.2871921182266009,0.1308966508594674,0.9925481058900673,NS,0.31252851216707767
BSS,44,29,-0.2993356548062717,0.11468462907282356,-0.30295566502463045,0.11015328387074981,0.9925481058900673,NS,0.2993356548062717
MEAN_RH,44,29,0.29562541539597187,0.11947095355868563,0.08226600985221673,0.6713839787887794,0.9925481058900673,NS,0.29562541539597187
MINT,5,29,-0.2904756247079118,0.1263567603950177,-0.2807881773399014,0.14009220880233778,0.9925481058900673,NS,0.2904756247079118
MEAN_RH,46,29,0.28849840688201356,0.1290764583049259,0.12709359605911327,0.5111895798249493,0.9925481058900673,NS,0.28849840688201356
MAXT,44,29,-0.285701621496865,0.13299636864596223,-0.14433497536945808,0.4550620357759735,0.9925481058900673,NS,0.285701621496865
MEAN_RH,43,29,0.2693403091759105,0.1576826886458687,0.13103448275862067,0.4980675451523833,0.9925481058900673,NS,0.2693403091759105
MINT,44,29,-0.26779566288909556,0.16017170631866323,-0.27241379310344827,0.1528125630109759,0.9925481058900673,NS,0.26779566288909556
MAXT,43,29,-0.2538075752244797,0.18399607731529763,-0.10541871921182264,0.5862721394650271,0.9925481058900673,NS,0.2538075752244797
MEAN_RH,45,29,0.2531327124509953,0.18520481456897933,0.10098522167487682,0.6022020102530081,0.9925481058900673,NS,0.2531327124509953
WS,44,29,0.24641595012619893,0.197537769363855,0.2660098522167487,0.16308409315220374,0.9925481058900673,NS,0.24641595012619893
MAXT,2,29,-0.24408262917269635,0.201951697395336,-0.2817733990147782,0.13864783154126634,0.9925481058900673,NS,0.24408262917269635
BSS,3,29,-0.24329111602202183,0.20346427789681135,-0.20443349753694576,0.2874338826655658,0.9925481058900673,NS,0.24329111602202183
MINT,2,29,-0.24053285871717436,0.20879601306059045,-0.24039408866995068,0.2090667549249576,0.9925481058900673,NS,0.24053285871717436
MINT,48,29,0.22199178573028203,0.24711333256770987,0.3113300492610837,0.10018345290825877,0.9925481058900673,NS,0.22199178573028203
MINT,6,29,-0.22002032863750962,0.2514438323390093,-0.19310344827586204,0.31555269223317983,0.9925481058900673,NS,0.22002032863750962
MAXT,5,29,-0.2194037850934452,0.2528083151389127,-0.1689655172413793,0.3809174876263445,0.9925481058900673,NS,0.2194037850934452
MINT,4,29,-0.21637777700829547,0.25957567371027473,-0.10394088669950736,0.5915615957395323,0.9925481058900673,NS,0.21637777700829547
BSS,46,29,-0.214539311005903,0.2637444444357377,-0.1650246305418719,0.39228460940552734,0.9925481058900673,NS,0.214539311005903
MINT,8,29,-0.20338785523787328,0.28995989563775465,-0.2556650246305418,0.18069770262548018,0.9925481058900673,NS,0.20338785523787328
MINT,47,29,-0.1973647068346529,0.3047838117274553,-0.09901477832512312,0.6093404638385995,0.9925481058900673,NS,0.1973647068346529
MEAN_RH,3,29,0.19346802217325273,0.3146222498204804,0.17438423645320195,0.36560331526197953,0.9925481058900673,NS,0.19346802217325273
MEAN_RH,8,29,-0.19169629620149006,0.319159901111515,-0.17290640394088666,0.3697434890533642,0.9925481058900673,NS,0.19169629620149006
MAXT,6,29,-0.1816261938087333,0.34571239122631053,-0.17241379310344823,0.3711296288169922,0.9925481058900673,NS,0.1816261938087333
BSS,4,29,-0.17851172190132067,0.3541855224695852,-0.14334975369458125,0.45817829975412006,0.9925481058900673,NS,0.17851172190132067
MINT,45,29,-0.1739629951961414,0.36678063895670027,-0.13300492610837436,0.49157054811335577,0.9925481058900673,NS,0.1739629951961414
MAXT,42,29,-0.1710360053025613,0.37502265204432506,0.02068965517241379,0.9151638955509213,0.9925481058900673,NS,0.1710360053025613
MEAN_RH,7,29,0.1691753847510773,0.3803175475065829,0.19408866995073887,0.31304218921480326,0.9925481058900673,NS,0.1691753847510773
MAXT,46,29,-0.16867205242255479,0.38175732254346156,0.0167487684729064,0.9312809622118853,0.9925481058900673,NS,0.16867205242255479
MAXT,45,29,-0.1639713382286688,0.39535524573538905,-0.10394088669950736,0.5915615957395323,0.9925481058900673,NS,0.1639713382286688
MEAN_RH,5,29,-0.1535985438965375,0.4263187902387086,0.014778325123152707,0.9393498687559616,0.9925481058900673,NS,0.1535985438965375
WS,6,29,0.15176997250804009,0.43191196388459535,0.20886699507389156,0.27687970153394353,0.9925481058900673,NS,0.15176997250804009
MAXT,7,29,-0.14050155773976788,0.46725031665890543,-0.2379310344827586,0.21391214465511924,0.9925481058900673,NS,0.14050155773976788
MINT,49,29,0.13978261330679334,0.4695550340909286,0.08719211822660097,0.6528920072716873,0.9925481058900673,NS,0.13978261330679334
WS,48,29,-0.13433938591804015,0.4871950394200222,-0.11773399014778321,0.5430218653263681,0.9925481058900673,NS,0.13433938591804015
MEAN_RH,42,29,0.13292233975268708,0.4918419894352449,-0.029064039408866992,0.8810318287809618,0.9925481058900673,NS,0.13292233975268708
MINT,42,29,-0.1324591082992064,0.49336592389079736,-0.11921182266009848,0.5379345304849434,0.9925481058900673,NS,0.1324591082992064
MEAN_RH,48,29,0.1318198955923224,0.49547270889328876,0.06403940886699507,0.7413756406285694,0.9925481058900673,NS,0.1318198955923224
BSS,7,29,0.1313402491058524,0.49705654855097114,0.014285714285714282,0.9413680442169834,0.9925481058900673,NS,0.1313402491058524
MINT,7,29,-0.12927764490257088,0.5038963489634788,-0.23546798029556643,0.2188333702584981,0.9925481058900673,NS,0.12927764490257088
WS,3,29,-0.1265993853908997,0.5128470879516784,0.11527093596059108,0.5515506379858526,0.9925481058900673,NS,0.1265993853908997
MINT,46,29,0.1255336692291951,0.5164303050743829,0.1527093596059113,0.4290336049549136,0.9925481058900673,NS,0.1255336692291951
MEAN_RH,4,29,0.12130524059379515,0.5307669467995735,0.07192118226600984,0.7108225942934957,0.9925481058900673,NS,0.12130524059379515
MAXT,8,29,-0.11733673827266466,0.5443932201614285,-0.14384236453201968,0.4566187585254935,0.9925481058900673,NS,0.11733673827266466
MEAN_RH,47,29,0.11567826585213553,0.5501359105634152,-0.013300492610837433,0.9454054484448566,0.9925481058900673,NS,0.11567826585213553
BSS,2,29,-0.1122333687163274,0.562153459135933,-0.013300492610837433,0.9454054484448566,0.9925481058900673,NS,0.1122333687163274
WS,45,29,0.11219940121129499,0.562272547804841,0.27142857142857135,0.15436180201590524,0.9925481058900673,NS,0.11219940121129499
WS,47,29,0.11130055965946817,0.5654280170173098,0.15467980295566497,0.4230303131786931,0.9925481058900673,NS,0.11130055965946817
MAXT,47,29,-0.10816207081959497,0.5765084235216544,0.020197044334975364,0.9171768603650385,0.9925481058900673,NS,0.10816207081959497
MINT,52,29,0.09980035603366041,0.6064902447609931,0.20790737933289263,0.2791427068899618,0.9925481058900673,NS,0.09980035603366041
WS,50,29,0.09799023411282191,0.6130661103472737,0.08078817733990146,0.6769689753216953,0.9925481058900673,NS,0.09799023411282191
BSS,50,29,-0.09404732279274867,0.6274916011190004,-0.044334975369458116,0.819365463868211,0.9925481058900673,NS,0.09404732279274867
WS,49,29,-0.09358532554522347,0.6291908181954872,-0.1364532019704433,0.4803049525643267,0.9925481058900673,NS,0.09358532554522347
WS,1,29,0.08358864995561711,0.6663999453308792,0.1862068965517241,0.33347390793311626,0.9925481058900673,NS,0.08358864995561711
WS,5,29,0.08346607191796053,0.666861269919796,0.23940886699507383,0.2109958298004505,0.9925481058900673,NS,0.08346607191796053
MAXT,52,29,0.08140760566346318,0.6746259829069193,0.1172413793103448,0.5447226506761997,0.9925481058900673,NS,0.08140760566346318
MINT,3,29,-0.07994270462670888,0.6801717436033754,-0.1694581280788177,0.3795101465496067,0.9925481058900673,NS,0.07994270462670888
MEAN_RH,2,29,0.07869152919304583,0.6849213583706405,0.0251231527093596,0.8970717487166657,0.9925481058900673,NS,0.07869152919304583
MAXT,49,29,0.0726534048941127,0.7080054904512713,0.14334975369458125,0.45817829975412006,0.9925481058900673,NS,0.0726534048941127
MEAN_RH,6,29,0.070725392613808,0.7154312004064428,0.12610837438423642,0.5144964763033715,0.9925481058900673,NS,0.070725392613808
BSS,49,29,0.06877475370915177,0.7229699892672672,-0.0004926108374384235,0.9979764910054804,0.9925481058900673,NS,0.06877475370915177
MEAN_RH,49,29,0.06560926339796283,0.7352577800358443,-0.009359605911330046,0.9615673193952551,0.9925481058900673,NS,0.06560926339796283
WS,4,29,0.06547702184331734,0.7357725322563176,0.05025249453069917,0.795729663412285,0.9925481058900673,NS,0.06547702184331734
MEAN_RH,52,29,-0.0644346094700847,0.739834039809185,-0.07389162561576353,0.7032502255468642,0.9925481058900673,NS,0.0644346094700847
WS,46,29,0.06210424860140244,0.7489383662855411,0.1133004926108374,0.5584180322851668,0.9925481058900673,NS,0.06210424860140244
MAXT,1,29,-0.06203581091101759,0.749206247061443,-0.10837438423645318,0.5757558168103399,0.9925481058900673,NS,0.06203581091101759
MINT,50,29,-0.05783885722821438,0.765687525384119,-0.01970443349753694,0.9191903261345236,0.9925481058900673,NS,0.05783885722821438
MAXT,51,29,0.048789482168713136,0.8015576619968175,0.14778325123152705,0.44424430383736335,0.9925481058900673,NS,0.048789482168713136
MINT,1,29,-0.0473515510477619,0.807295916916229,-0.003941372120054836,0.9838109655755514,0.9925481058900673,NS,0.0473515510477619
MAXT,48,29,0.046789020632639164,0.8095434510442693,0.15123152709359602,0.4335665498523821,0.9925481058900673,NS,0.046789020632639164
WS,7,29,-0.046266457451362875,0.8116326287956076,0.052715852105733436,0.7859411212825838,0.9925481058900673,NS,0.046266457451362875
BSS,45,29,-0.04555222676285209,0.814490127041511,-0.05221674876847289,0.7879218626850963,0.9925481058900673,NS,0.04555222676285209
WS,43,29,0.044639260945494044,0.8181461138925559,-0.031527093596059104,0.8710298012327197,0.9925481058900673,NS,0.044639260945494044
BSS,5,29,0.04193103346402417,0.8290129430049027,0.0004926108374384235,0.9979764910054804,0.9925481058900673,NS,0.04193103346402417
WS,51,29,-0.041074663991114244,0.8324556779078083,-0.18078817733990143,0.347980194534642,0.9925481058900673,NS,0.041074663991114244
MAXT,50,29,-0.0341024384406678,0.8605925707049916,0.1408866995073891,0.4660181072637315,0.9925481058900673,NS,0.0341024384406678
MEAN_RH,1,29,-0.0316900668196273,0.8703686644179338,-0.10098522167487682,0.6022020102530081,0.9925481058900673,NS,0.0316900668196273
BSS,8,29,-0.030381820816365007,0.8756782263099105,0.08646385088370297,0.6556135166277179,0.9925481058900673,NS,0.030381820816365007
BSS,47,29,0.02784119052081724,0.8860043560005775,0.16403940886699503,0.39515638807400055,0.9925481058900673,NS,0.02784119052081724
MINT,43,29,0.02661416317372032,0.8909981332067433,-0.08275862068965516,0.6695260926185357,0.9925481058900673,NS,0.02661416317372032
BSS,6,29,-0.02503443982263264,0.8974333024935568,-0.043842364532019694,0.8213403537063924,0.9925481058900673,NS,0.02503443982263264
MEAN_RH,51,29,-0.02342260675380045,0.9040058363270486,-0.010344827586206895,0.9575252090147448,0.9925481058900673,NS,0.02342260675380045
MINT,51,29,-0.023199147097960535,0.904917532199835,0.07142857142857141,0.7127199331498776,0.9925481058900673,NS,0.023199147097960535
WS,8,29,-0.022207418958266695,0.9089651074993247,0.15467980295566497,0.4230303131786931,0.9925481058900673,NS,0.022207418958266695
BSS,42,29,0.01849479557931101,0.9241365712361055,0.08128078817733987,0.6751054297450857,0.9929357935956619,NS,0.01849479557931101
BSS,51,29,0.011017330119202556,0.9547666900900875,0.07783251231527093,0.688189120324727,0.9929357935956619,NS,0.011017330119202556
WS,2,29,0.008714098150700178,0.9642161826957918,0.1320197044334975,0.49481367136087206,0.9929357935956619,NS,0.008714098150700178
BSS,52,29,0.004490136775328724,0.9815572913953464,0.03201970443349753,0.8690316783943014,0.9929357935956619,NS,0.004490136775328724
BSS,1,29,-0.004357358625323465,0.9821025744274798,-0.0167487684729064,0.9312809622118853,0.9929357935956619,NS,0.004357358625323465
MEAN_RH,50,29,0.0032728107099270973,0.9865567857121254,-0.10935960591133002,0.5722691529714519,0.9929357935956619,NS,0.0032728107099270973
WS,52,29,-0.0028400708072502563,0.988334155364381,-0.02758620689655172,0.887041747730547,0.9929357935956619,NS,0.0028400708072502563
BSS,48,29,-0.001719757118506561,0.9929357935956619,0.0,1.0,0.9929357935956619,NS,0.001719757118506561
