SMW,Mean_Absolute_r,Maximum_Absolute_r,Significant_Associations
44,0.27897486094288065,0.2993356548062717,0
3,0.19737430762278646,0.34357030990104925,0
43,0.1854777410072929,0.3329873965168599,0
4,0.1831149197818712,0.3339028375626274,0
46,0.17186953762821378,0.28849840688201356,0
5,0.15777501181597584,0.2904756247079118,0
42,0.1534881522201687,0.31252851216707767,0
45,0.14976373476999053,0.2531327124509953,0
2,0.13685089678998882,0.24408262917269635,0
6,0.12983526547814472,0.22002032863750962,0
7,0.12331225879012626,0.1691753847510773,0
8,0.11300202589733195,0.20338785523787328,0
47,0.11206935873733377,0.1973647068346529,0
48,0.10733196899835806,0.22199178573028203,0
49,0.08808107217064882,0.13978261330679334,0
50,0.05745033265687597,0.09799023411282191,0
52,0.05059455574995746,0.09980035603366041,0
1,0.04580468747186948,0.08358864995561711,0
51,0.029500646026158185,0.048789482168713136,0
