Growth_Stage,Weather_Parameter,N,Pearson_r,Pearson_p,Spearman_rho,Spearman_p,Pearson_p_FDR,Significance,Absolute_r
Establishment_Early_Vegetative,MAXT,29,-0.23354102924429684,0.22273651251281934,-0.04827586206896551,0.8036061885881776,0.9300260393633025,NS,0.23354102924429684
Establishment_Early_Vegetative,MINT,29,-0.21256109872429885,0.26827847128941534,-0.23054187192118217,0.22890446372397505,0.9300260393633025,NS,0.21256109872429885
Establishment_Early_Vegetative,MEAN_RH,29,0.24798609411219683,0.1946052885978887,0.04039408866995073,0.8351938603203967,0.9300260393633025,NS,0.24798609411219683
Establishment_Early_Vegetative,WS,29,0.06843760464802166,0.7242755931817163,0.12807881773399013,0.5078931884210848,0.9878982103701764,NS,0.06843760464802166
Establishment_Early_Vegetative,BSS,29,-0.2265869343779838,0.23721182845810818,-0.17733990147783246,0.3574052891780468,0.9300260393633025,NS,0.2265869343779838
Vegetative_Stolon_Formation,MAXT,29,-0.08969851745719558,0.6435591141930894,0.028078817733990142,0.8850377440270285,0.9878982103701764,NS,0.08969851745719558
Vegetative_Stolon_Formation,MINT,29,0.05238116719230408,0.7872692082156921,0.13743842364532016,0.477110781256181,0.9878982103701764,NS,0.05238116719230408
Vegetative_Stolon_Formation,MEAN_RH,29,0.18486459604496214,0.337032553517472,0.029064039408866992,0.8810318287809618,0.9300260393633025,NS,0.18486459604496214
Vegetative_Stolon_Formation,WS,29,0.006678087945248164,0.972573331679156,0.03399014778325122,0.8610471911148926,0.9878982103701764,NS,0.006678087945248164
Vegetative_Stolon_Formation,BSS,29,-0.07611099017478243,0.694754417240378,-0.051231527093596047,0.7918356018479651,0.9878982103701764,NS,0.07611099017478243
Tuber_Initiation,MAXT,29,0.03082082877445062,0.8738958971924835,0.1463054187192118,0.44886342777952615,0.9878982103701764,NS,0.03082082877445062
Tuber_Initiation,MINT,29,0.006330575151236757,0.9740000646163928,0.005418719211822659,0.9777441014835122,0.9878982103701764,NS,0.006330575151236757
Tuber_Initiation,MEAN_RH,29,0.02148005793938612,0.911935135162334,-0.08472906403940884,0.662113699345471,0.9878982103701764,NS,0.02148005793938612
Tuber_Initiation,WS,29,-0.015993238647898825,0.9343740898250663,-0.04975982301569231,0.7976910667869546,0.9878982103701764,NS,0.015993238647898825
Tuber_Initiation,BSS,29,0.0029462099373127257,0.9878982103701764,0.08078817733990146,0.6769689753216953,0.9878982103701764,NS,0.0029462099373127257
Tuber_Bulking,MAXT,29,-0.28675099091447914,0.13151554050099387,-0.334975369458128,0.07568833327853153,0.9300260393633025,NS,0.28675099091447914
Tuber_Bulking,MINT,29,-0.19395896177463473,0.3133719955138982,-0.2660098522167487,0.16308409315220374,0.9300260393633025,NS,0.19395896177463473
Tuber_Bulking,MEAN_RH,29,0.057343597121346485,0.7676391638059373,0.04039408866995073,0.8351938603203967,0.9878982103701764,NS,0.057343597121346485
Tuber_Bulking,WS,29,0.008810073453654033,0.963822320493116,0.11674876847290637,0.5464259277686503,0.9878982103701764,NS,0.008810073453654033
Tuber_Bulking,BSS,29,-0.17210133560449026,0.372010415745321,-0.10492610837438422,0.5880329920484978,0.9300260393633025,NS,0.17210133560449026
Late_Bulking_Maturation,MAXT,29,-0.23042898123833347,0.2291388468069241,-0.23596059113300488,0.21784304412989844,0.9300260393633025,NS,0.23042898123833347
Late_Bulking_Maturation,MINT,29,-0.2942602787369544,0.1212686460127898,-0.2866995073891625,0.1315879096254121,0.9300260393633025,NS,0.2942602787369544
Late_Bulking_Maturation,MEAN_RH,29,-0.02090254845628052,0.9142941038395664,0.05467980295566501,0.7781597772035429,0.9878982103701764,NS,0.02090254845628052
Late_Bulking_Maturation,WS,29,0.06498032062277084,0.7377069471325263,0.2133004926108374,0.2665779217803568,0.9878982103701764,NS,0.06498032062277084
Late_Bulking_Maturation,BSS,29,0.05793213463728286,0.765320109865424,-0.03497536945812807,0.8570599153351915,0.9878982103701764,NS,0.05793213463728286
