Model,Feature Selection Method,K,LOOCV_R2_residual,LOOCV_RMSE_residual,LOOCV_MAE_residual,Selected Features
ANN (MLP),Mutual Information,8,-1.5864508802354496,4.083271679947579,3.026853431950576,"MAXT_48, MEAN_RH_49, MINT_8, MINT_48, BSS_44, MAXT_43, MINT_45, BSS_48"
ANN (MLP),Mutual Information,4,-1.6563146677737488,4.138051765969653,3.186494155031268,"MAXT_48, MEAN_RH_49, MINT_8, MINT_48"
ANN (MLP),SelectKBest,8,-1.7141246545381894,4.182838089685221,3.2364026539066337,"MAXT_3, MAXT_4, BSS_43, WS_42, BSS_44, MEAN_RH_44, MINT_5, MEAN_RH_46"
ANN (MLP),Mutual Information,6,-1.8572666880085986,4.291721660396903,3.03680803293819,"MAXT_48, MEAN_RH_49, MINT_8, MINT_48, BSS_44, MAXT_43"
ANN (MLP),Mutual Information,7,-3.087794050416184,5.133347476855245,3.5346712968667178,"MAXT_48, MEAN_RH_49, MINT_8, MINT_48, BSS_44, MAXT_43, MINT_45"
ANN (MLP),Mutual Information,3,-3.510443710553499,5.392197524852135,3.9830464236830725,"MAXT_48, MEAN_RH_49, MINT_8"
ANN (MLP),RFE,6,-4.190477312470642,5.784419847859441,4.696304364339411,"MAXT_5, MINT_52, MINT_4, BSS_46, BSS_52, BSS_3"
ANN (MLP),Mutual Information,5,-4.366181503567472,5.881509977149314,4.3027069813324905,"MAXT_48, MEAN_RH_49, MINT_8, MINT_48, BSS_44"
ANN (MLP),RFE,8,-4.507448717935404,5.958423805041899,4.754983135434424,"MAXT_5, MAXT_6, MINT_52, MINT_4, MINT_7, BSS_46, BSS_52, BSS_3"
ANN (MLP),SelectKBest,7,-5.115588980026095,6.2787805429796535,4.388512608378158,"MAXT_3, MAXT_4, BSS_43, WS_42, BSS_44, MEAN_RH_44, MINT_5"
ANN (MLP),RFE,7,-5.944513700415396,6.690785061760575,5.186376451656422,"MAXT_5, MAXT_6, MINT_52, MINT_4, BSS_46, BSS_52, BSS_3"
ANN (MLP),SelectKBest,4,-6.074643719871717,6.7531818703397715,5.535427857861126,"MAXT_3, MAXT_4, BSS_43, WS_42"
ANN (MLP),SelectKBest,6,-6.0959340608228265,6.763335705790876,5.541130180005044,"MAXT_3, MAXT_4, BSS_43, WS_42, BSS_44, MEAN_RH_44"
ANN (MLP),RFE,4,-6.162180309056354,6.794832951166453,5.6098734502085765,"MINT_52, MINT_4, BSS_52, BSS_3"
ANN (MLP),SelectKBest,3,-6.371121371327379,6.893232710599145,5.26093532959025,"MAXT_3, MAXT_4, BSS_43"
ANN (MLP),RFE,3,-7.899274002093339,7.574142093496029,5.9381754850076,"MINT_52, BSS_52, BSS_3"
ANN (MLP),RFE,5,-10.802385010360442,8.72250140343081,6.3229183842373375,"MAXT_5, MINT_52, MINT_4, BSS_52, BSS_3"
ANN (MLP),SelectKBest,5,-18.446457936181794,11.19634863938675,6.83205893417558,"MAXT_3, MAXT_4, BSS_43, WS_42, BSS_44"
KNN,Mutual Information,4,0.06590104824395204,2.4538759344235195,1.8044160353320877,"MAXT_48, MEAN_RH_49, MINT_8, MINT_48"
KNN,Mutual Information,6,0.05912394452393244,2.4627615651628285,1.8253654492950577,"MAXT_48, MEAN_RH_49, MINT_8, MINT_48, BSS_44, MAXT_43"
KNN,Mutual Information,5,0.023223380214265066,2.509306935489378,1.8670329199932054,"MAXT_48, MEAN_RH_49, MINT_8, MINT_48, BSS_44"
KNN,Mutual Information,8,0.0030250909727677078,2.5351185513972103,2.013630439952438,"MAXT_48, MEAN_RH_49, MINT_8, MINT_48, BSS_44, MAXT_43, MINT_45, BSS_48"
KNN,Mutual Information,3,-0.07942531030352118,2.6378643446193,1.9821428911160184,"MAXT_48, MEAN_RH_49, MINT_8"
KNN,Mutual Information,7,-0.19402782486076786,2.774363631706634,2.1843904195685413,"MAXT_48, MEAN_RH_49, MINT_8, MINT_48, BSS_44, MAXT_43, MINT_45"
KNN,RFE,6,-0.274564324963098,2.8664016047113803,2.2429873959571927,"MAXT_5, MINT_52, MINT_4, BSS_46, BSS_52, BSS_3"
KNN,RFE,7,-0.3248154185331029,2.9223608829903043,2.2559251231527098,"MAXT_5, MAXT_6, MINT_52, MINT_4, BSS_46, BSS_52, BSS_3"
KNN,RFE,5,-0.3965392633493061,3.000424715450232,2.283194020723628,"MAXT_5, MINT_52, MINT_4, BSS_52, BSS_3"
KNN,RFE,4,-0.39778076943936314,3.001758089363405,2.2626272125021236,"MINT_52, MINT_4, BSS_52, BSS_3"
KNN,RFE,8,-0.3988244342107967,3.0028785242229405,2.330023577373875,"MAXT_5, MAXT_6, MINT_52, MINT_4, MINT_7, BSS_46, BSS_52, BSS_3"
KNN,SelectKBest,8,-0.4281282810151419,3.0341690137630755,2.4482361134703585,"MAXT_3, MAXT_4, BSS_43, WS_42, BSS_44, MEAN_RH_44, MINT_5, MEAN_RH_46"
KNN,SelectKBest,7,-0.4825971241356606,3.0914892150807214,2.3727987090198743,"MAXT_3, MAXT_4, BSS_43, WS_42, BSS_44, MEAN_RH_44, MINT_5"
KNN,SelectKBest,4,-0.5542402030694342,3.165302555260895,2.4916398844912524,"MAXT_3, MAXT_4, BSS_43, WS_42"
KNN,RFE,3,-0.5674373433575182,3.1787125295302734,2.473782232036691,"MINT_52, BSS_52, BSS_3"
KNN,SelectKBest,5,-0.6259819728858704,3.237531646085206,2.636166536436216,"MAXT_3, MAXT_4, BSS_43, WS_42, BSS_44"
KNN,SelectKBest,3,-0.6412558181096102,3.2527021623760826,2.661451061661288,"MAXT_3, MAXT_4, BSS_43"
KNN,SelectKBest,6,-0.8014659918669398,3.40776150764554,2.723016476983184,"MAXT_3, MAXT_4, BSS_43, WS_42, BSS_44, MEAN_RH_44"
Random Forest,Mutual Information,5,-0.05231061054205366,2.6045226213287256,1.867949907201371,"MAXT_48, MEAN_RH_49, MINT_8, MINT_48, BSS_44"
Random Forest,Mutual Information,7,-0.15215618224054372,2.7252844382152857,1.9990364150887303,"MAXT_48, MEAN_RH_49, MINT_8, MINT_48, BSS_44, MAXT_43, MINT_45"
Random Forest,Mutual Information,4,-0.15932319346415702,2.7337476411817194,1.9498974990610933,"MAXT_48, MEAN_RH_49, MINT_8, MINT_48"
Random Forest,Mutual Information,8,-0.17382188158938106,2.750788877288706,2.0396192675381264,"MAXT_48, MEAN_RH_49, MINT_8, MINT_48, BSS_44, MAXT_43, MINT_45, BSS_48"
Random Forest,Mutual Information,6,-0.21130104968401753,2.794359034366243,2.0481375545351654,"MAXT_48, MEAN_RH_49, MINT_8, MINT_48, BSS_44, MAXT_43"
Random Forest,Mutual Information,3,-0.3271686506705205,2.924955184923915,2.181407271781061,"MAXT_48, MEAN_RH_49, MINT_8"
Random Forest,RFE,6,-0.5486425479053938,3.1595974350967695,2.3605772746423224,"MAXT_48, MINT_8, MEAN_RH_48, MEAN_RH_49, MEAN_RH_2, BSS_46"
Random Forest,RFE,4,-0.6001579903772418,3.2117193727057933,2.4439087944606204,"MINT_8, MEAN_RH_48, MEAN_RH_49, BSS_46"
Random Forest,RFE,7,-0.6149427440614526,3.2265226921316175,2.367130360371853,"MAXT_48, MINT_8, MEAN_RH_48, MEAN_RH_49, MEAN_RH_2, WS_7, BSS_46"
Random Forest,RFE,8,-0.6243496287111194,3.23590613822642,2.3829017922763867,"MAXT_48, MINT_8, MEAN_RH_48, MEAN_RH_49, MEAN_RH_2, WS_7, BSS_46, BSS_6"
Random Forest,RFE,5,-0.697119044451872,3.3075948920523457,2.483580131230212,"MINT_8, MEAN_RH_48, MEAN_RH_49, MEAN_RH_2, BSS_46"
Random Forest,RFE,3,-0.7291312784321557,3.338644229562939,2.424942984508437,"MINT_8, MEAN_RH_48, BSS_46"
Random Forest,SelectKBest,8,-0.8036279210269359,3.4098057121869543,2.6808183586223615,"MAXT_3, MAXT_4, BSS_43, WS_42, BSS_44, MEAN_RH_44, MINT_5, MEAN_RH_46"
Random Forest,SelectKBest,7,-0.8561346239488405,3.4590823003805578,2.7338225102525615,"MAXT_3, MAXT_4, BSS_43, WS_42, BSS_44, MEAN_RH_44, MINT_5"
Random Forest,SelectKBest,4,-0.8870306639728063,3.487752332299496,2.6840479757615427,"MAXT_3, MAXT_4, BSS_43, WS_42"
Random Forest,SelectKBest,6,-0.9645069597040201,3.558630895805513,2.7607830339652435,"MAXT_3, MAXT_4, BSS_43, WS_42, BSS_44, MEAN_RH_44"
Random Forest,SelectKBest,5,-1.0075055642268658,3.5973652732310857,2.8290150997551105,"MAXT_3, MAXT_4, BSS_43, WS_42, BSS_44"
Random Forest,SelectKBest,3,-1.1792595355626747,3.748095401207857,2.966973167378605,"MAXT_3, MAXT_4, BSS_43"
SVR,Mutual Information,7,0.20076065052704617,2.2698365654451744,1.8145529561542943,"MAXT_48, MEAN_RH_49, MINT_8, MINT_48, BSS_44, MAXT_43, MINT_45"
SVR,Mutual Information,5,0.15633796799597244,2.332063713220856,1.6551200797992323,"MAXT_48, MEAN_RH_49, MINT_8, MINT_48, BSS_44"
SVR,Mutual Information,4,0.15337501707704781,2.3361552415071416,1.7041522906414754,"MAXT_48, MEAN_RH_49, MINT_8, MINT_48"
SVR,Mutual Information,8,0.08996700460743423,2.4220590583630566,1.9370837437459592,"MAXT_48, MEAN_RH_49, MINT_8, MINT_48, BSS_44, MAXT_43, MINT_45, BSS_48"
SVR,Mutual Information,3,0.03631867392544508,2.492429488222512,1.775030945215392,"MAXT_48, MEAN_RH_49, MINT_8"
SVR,Mutual Information,6,0.0034925962197773774,2.5345240930079673,1.8284542666320756,"MAXT_48, MEAN_RH_49, MINT_8, MINT_48, BSS_44, MAXT_43"
SVR,RFE,8,-0.7470799652246456,3.355927352043366,2.786209363203349,"MAXT_5, MAXT_6, MINT_52, MINT_4, MINT_7, BSS_46, BSS_52, BSS_3"
SVR,RFE,4,-0.78391307544647,3.391118791423472,2.701961427461719,"MINT_52, MINT_4, BSS_52, BSS_3"
SVR,SelectKBest,8,-0.7955688845269182,3.4021792739263166,2.5760987376316846,"MAXT_3, MAXT_4, BSS_43, WS_42, BSS_44, MEAN_RH_44, MINT_5, MEAN_RH_46"
SVR,RFE,5,-0.8195325889072269,3.4248068093805277,2.8320381009815834,"MAXT_5, MINT_52, MINT_4, BSS_52, BSS_3"
SVR,SelectKBest,7,-0.8622315514732515,3.46475874312651,2.5559006508964783,"MAXT_3, MAXT_4, BSS_43, WS_42, BSS_44, MEAN_RH_44, MINT_5"
SVR,RFE,6,-0.8661874280183575,3.4684368267334156,2.800402252696985,"MAXT_5, MINT_52, MINT_4, BSS_46, BSS_52, BSS_3"
SVR,SelectKBest,4,-0.8992177465101796,3.4989967488080977,2.6769405227533465,"MAXT_3, MAXT_4, BSS_43, WS_42"
SVR,SelectKBest,3,-0.9107641156774202,3.509616776389288,2.8690966094462276,"MAXT_3, MAXT_4, BSS_43"
SVR,RFE,7,-0.986576706595516,3.5785643285148514,2.9666892792419897,"MAXT_5, MAXT_6, MINT_52, MINT_4, BSS_46, BSS_52, BSS_3"
SVR,SelectKBest,6,-1.056340556572548,3.640857485362836,2.7680825386275676,"MAXT_3, MAXT_4, BSS_43, WS_42, BSS_44, MEAN_RH_44"
SVR,SelectKBest,5,-1.0743712995629733,3.656784829654173,2.806114962701932,"MAXT_3, MAXT_4, BSS_43, WS_42, BSS_44"
SVR,RFE,3,-1.0759661541925158,3.6581902963789164,2.9815347407904955,"MINT_52, BSS_52, BSS_3"
Stepwise Linear Regression,Mutual Information,5,-0.3690996779048188,2.9708019015410985,2.214634399878577,"MAXT_48, MEAN_RH_49, MINT_8, MINT_48, BSS_44"
Stepwise Linear Regression,Mutual Information,6,-0.40499360347818514,3.009492965997484,2.229171357578708,"MAXT_48, MEAN_RH_49, MINT_8, MINT_48, BSS_44, MAXT_43"
Stepwise Linear Regression,Mutual Information,4,-0.48467488089035937,3.093654710209424,2.3779301951315652,"MAXT_48, MEAN_RH_49, MINT_8, MINT_48"
Stepwise Linear Regression,Mutual Information,3,-0.5174958408000625,3.127662721473085,2.4422492522878647,"MAXT_48, MEAN_RH_49, MINT_8"
Stepwise Linear Regression,Mutual Information,7,-0.5202372398650288,3.130486552205535,2.401163202555681,"MAXT_48, MEAN_RH_49, MINT_8, MINT_48, BSS_44, MAXT_43, MINT_45"
Stepwise Linear Regression,Mutual Information,8,-0.5715869923524144,3.182917425711334,2.516382142991773,"MAXT_48, MEAN_RH_49, MINT_8, MINT_48, BSS_44, MAXT_43, MINT_45, BSS_48"
Stepwise Linear Regression,RFE,3,-0.7909012459178211,3.3977543595881556,2.689425498611626,"MINT_52, BSS_52, BSS_3"
Stepwise Linear Regression,RFE,4,-0.948120924662573,3.5437584731237095,2.8416641204532866,"MINT_52, MINT_4, BSS_52, BSS_3"
Stepwise Linear Regression,RFE,5,-1.0032819729236326,3.593579032004355,2.8757665282384877,"MAXT_5, MINT_52, MINT_4, BSS_52, BSS_3"
Stepwise Linear Regression,SelectKBest,4,-1.0109059256563122,3.6004106363084527,2.924470259585188,"MAXT_3, MAXT_4, BSS_43, WS_42"
Stepwise Linear Regression,SelectKBest,3,-1.0690495395445665,3.652091111430223,3.011775129216175,"MAXT_3, MAXT_4, BSS_43"
Stepwise Linear Regression,RFE,6,-1.102604891515512,3.6815863769170574,2.863403956663643,"MAXT_5, MINT_52, MINT_4, BSS_46, BSS_52, BSS_3"
Stepwise Linear Regression,SelectKBest,5,-1.2796721328610192,3.8334725188839456,3.1461728665153226,"MAXT_3, MAXT_4, BSS_43, WS_42, BSS_44"
Stepwise Linear Regression,SelectKBest,6,-1.3796084724312898,3.91659722930093,3.216773648573904,"MAXT_3, MAXT_4, BSS_43, WS_42, BSS_44, MEAN_RH_44"
Stepwise Linear Regression,SelectKBest,8,-1.6560403357389992,4.137838080918383,3.4087912757480447,"MAXT_3, MAXT_4, BSS_43, WS_42, BSS_44, MEAN_RH_44, MINT_5, MEAN_RH_46"
Stepwise Linear Regression,RFE,7,-1.6787633359808392,4.155500435472452,3.3623698430387035,"MAXT_5, MAXT_6, MINT_52, MINT_4, BSS_46, BSS_52, BSS_3"
Stepwise Linear Regression,SelectKBest,7,-1.7439616142146277,4.205766669366489,3.40641724498309,"MAXT_3, MAXT_4, BSS_43, WS_42, BSS_44, MEAN_RH_44, MINT_5"
Stepwise Linear Regression,RFE,8,-2.1473128276693854,4.504287625373731,3.5271095501854273,"MAXT_5, MAXT_6, MINT_52, MINT_4, MINT_7, BSS_46, BSS_52, BSS_3"
XGBoost,Mutual Information,5,-0.128374942958545,2.6970119816540112,1.9602831868173607,"MAXT_48, MEAN_RH_49, MINT_8, MINT_48, BSS_44"
XGBoost,Mutual Information,8,-0.1358996613391774,2.7059897307462992,2.0969498142274143,"MAXT_48, MEAN_RH_49, MINT_8, MINT_48, BSS_44, MAXT_43, MINT_45, BSS_48"
XGBoost,Mutual Information,7,-0.1548571470100255,2.728476969069608,2.0350150277841372,"MAXT_48, MEAN_RH_49, MINT_8, MINT_48, BSS_44, MAXT_43, MINT_45"
XGBoost,Mutual Information,6,-0.1923172790268366,2.7723756642081723,1.983954053559833,"MAXT_48, MEAN_RH_49, MINT_8, MINT_48, BSS_44, MAXT_43"
XGBoost,Mutual Information,4,-0.28514115041379706,2.8782702848754433,1.9678642526238492,"MAXT_48, MEAN_RH_49, MINT_8, MINT_48"
XGBoost,Mutual Information,3,-0.32671125397773326,2.924451111791203,2.175585727856848,"MAXT_48, MEAN_RH_49, MINT_8"
XGBoost,RFE,3,-0.7019776654926904,3.312326105462921,2.56056392159542,"MEAN_RH_48, MEAN_RH_49, WS_7"
XGBoost,RFE,8,-0.7505081174235055,3.359218269414536,2.605998701077416,"MAXT_3, MINT_5, MEAN_RH_43, MEAN_RH_48, MEAN_RH_49, WS_45, WS_7, BSS_6"
XGBoost,RFE,5,-0.862406092757986,3.464921109957938,2.6438585613178662,"MEAN_RH_43, MEAN_RH_48, MEAN_RH_49, WS_45, WS_7"
XGBoost,RFE,7,-0.9165368302255157,3.5149143263502576,2.722028015902663,"MAXT_3, MEAN_RH_43, MEAN_RH_48, MEAN_RH_49, WS_45, WS_7, BSS_6"
XGBoost,RFE,6,-0.9861535051698704,3.5781831365414045,2.7088326925812094,"MAXT_3, MEAN_RH_43, MEAN_RH_48, MEAN_RH_49, WS_45, WS_7"
XGBoost,RFE,4,-1.0455717799180912,3.6313116328992696,2.7274786137171727,"MEAN_RH_48, MEAN_RH_49, WS_45, WS_7"
XGBoost,SelectKBest,8,-1.1792212575905743,3.748062484036024,2.9488292302891,"MAXT_3, MAXT_4, BSS_43, WS_42, BSS_44, MEAN_RH_44, MINT_5, MEAN_RH_46"
XGBoost,SelectKBest,7,-1.1904358129883197,3.7576941165013236,2.9113290750214444,"MAXT_3, MAXT_4, BSS_43, WS_42, BSS_44, MEAN_RH_44, MINT_5"
XGBoost,SelectKBest,4,-1.2765946132023154,3.8308840827675157,2.8719915858645053,"MAXT_3, MAXT_4, BSS_43, WS_42"
XGBoost,SelectKBest,3,-1.2775815236769499,3.8317143425675733,2.934798370457331,"MAXT_3, MAXT_4, BSS_43"
XGBoost,SelectKBest,6,-1.45528352719184,3.978386606371472,2.9508680318978513,"MAXT_3, MAXT_4, BSS_43, WS_42, BSS_44, MEAN_RH_44"
XGBoost,SelectKBest,5,-1.48166648645741,3.9997041349318896,3.0802717486261932,"MAXT_3, MAXT_4, BSS_43, WS_42, BSS_44"
