Model,Crop,Feature Selection,Selected Features,R²,Significance,AIC,RMSE,MAE
Stepwise Linear Regression,Potato,Mutual Information,"MAXT (48)
MEAN RH (49)
MINT (8, 48)
BSS (44)",0.645,**,61.5,2.971,2.215
Random Forest,Potato,Mutual Information,"MAXT (48)
MEAN RH (49)
MINT (8, 48)
BSS (44)",0.727,**,13.53,2.605,1.868
XGBoost,Potato,Mutual Information,"MAXT (48)
MEAN RH (49)
MINT (8, 48)
BSS (44)",0.708,**,-126.07,2.697,1.96
SVR,Potato,Mutual Information,"MAXT (43, 48)
MEAN RH (49)
MINT (8, 45, 48)
BSS (44)",0.793,**,-29.13,2.27,1.815
KNN,Potato,Mutual Information,"MAXT (48)
MEAN RH (49)
MINT (8, 48)",0.758,**,46.93,2.454,1.804
ANN (MLP),Potato,Mutual Information,"MAXT (43, 48)
MEAN RH (49)
MINT (8, 45, 48)
BSS (44, 48)",0.33,,-439.7,4.083,3.027
